{
    "name": "Surf Beat 2 Tom",
    "group": "Pop",
    "bpm" : 140,
    "quarters_per_bar": 4,
    "ending": { "filename" : "Hat Fills/140 Surf 2 Hat Fill 6.mid" },
    "parts": [
        {
            "name": "Hats",
            "midi_file" : { "filename" : "Grooves/140 Surf 2 Hat.mid", "ignore_bars" : 1 },
            "fills": [
                { "filename" : "Hat Fills/140 Surf 2 Hat Fill 1.mid" },
                { "filename" : "Hat Fills/140 Surf 2 Hat Fill 2.mid" },
                { "filename" : "Hat Fills/140 Surf 2 Hat Fill 3.mid" },
                { "filename" : "Hat Fills/140 Surf 2 Hat Fill 4.mid" },
                { "filename" : "Hat Fills/140 Surf 2 Hat Fill 5.mid" }
            ],
            "transition": { "filename" : "Hat Fills/140 Surf 2 Hat Fill 6.mid" }
        },
        {
            "name": "Tom",
            "midi_file" : { "filename" : "Grooves/140 Surf 2 Floor Tom.mid", "ignore_bars" : 1 },
            "fills": [
                { "filename" : "Floor Tom Fills/140 Surf 2 Tom Fill 1.mid" },
                { "filename" : "Floor Tom Fills/140 Surf 2 Tom Fill 2.mid" },
                { "filename" : "Floor Tom Fills/140 Surf 2 Tom Fill 3.mid" },
                { "filename" : "Floor Tom Fills/140 Surf 2 Tom Fill 4.mid" }
            ],
            "transition": { "filename" : "Floor Tom Fills/140 Surf 2 Tom Fill 5.mid" }
        }
    ]
}