{
    "name": "Half-Time Pop",
    "group": "Pop",
    "bpm" : 80,
    "quarters_per_bar": 4,
    "parts": [
        {
            "name": "Main",
            "midi_file" : { "filename" : "080 Half-Time Pop.mid" },
            "fills": [
                { "filename" : "080 Half-Time Pop Fill 1.mid" },
                { "filename" : "080 Half-Time Pop Fill 2.mid" },
                { "filename" : "080 Half-Time Pop Fill 3.mid" },
                { "filename" : "080 Half-Time Pop Fill 4.mid" }
            ],
            "transition": { "filename" : "080 Half-Time Pop Fill 5.mid" }
        },
        {
            "name": "Ride",
            "midi_file" : { "filename" : "080 Half-Time Pop Ride.mid" },
            "fills": [
                { "filename" : "080 Half-Time Pop Fill 1.mid" },
                { "filename" : "080 Half-Time Pop Fill 2.mid" },
                { "filename" : "080 Half-Time Pop Fill 3.mid" },
                { "filename" : "080 Half-Time Pop Fill 4.mid" }
            ],
            "transition": { "filename" : "080 Half-Time Pop Fill 5.mid" }
        }
    ]
}