{
    "name": "Surf Beat 1",
    "group": "Pop",
    "bpm" : 160,
    "quarters_per_bar": 4,
    "ending": { "filename" : "Fills/160 Surf 42TF Fill 2.mid" },
    "parts": [
        {
            "name": "Hats",
            "midi_file" : { "filename" : "Grooves/160 Surf 42TF Hat.mid", "ignore_bars" : 1 },
            "fills": [
                { "filename" : "Hat Fills/160 Surf 42TF Hat Fill 1.mid" },
                { "filename" : "Hat Fills/160 Surf 42TF Hat Fill 2.mid" },
                { "filename" : "Hat Fills/160 Surf 42TF Hat Fill 3.mid" },
                { "filename" : "Hat Fills/160 Surf 42TF Hat Fill 4.mid" },
                { "filename" : "Hat Fills/160 Surf 42TF Hat Fill 5.mid" }
            ],
            "transition": { "filename" : "Hat Fills/160 Surf 42TF Hat Fill 6.mid" }
        },
        {
            "name": "Ride",
            "midi_file" : { "filename" : "Grooves/160 Surf 42TF Ride.mid", "ignore_bars" : 1 },
            "fills": [
                { "filename" : "Ride Fills/160 Surf 42TF Ride Fill 1.mid" },
                { "filename" : "Ride Fills/160 Surf 42TF Ride Fill 2.mid" },
                { "filename" : "Ride Fills/160 Surf 42TF Ride Fill 3.mid" },
                { "filename" : "Ride Fills/160 Surf 42TF Ride Fill 4.mid" },
                { "filename" : "Ride Fills/160 Surf 42TF Ride Fill 4.mid" }
            ],
            "transition": { "filename" : "Ride Fills/160 Surf 42TF Ride Fill 5.mid" }
        }
    ]
}